{"format_version": "1.12", "minecraft:recipe_shapeless": {"description": {"identifier": "minecraft:black_concrete_powder_from_ink_sac"}, "tags": ["crafting_table"], "group": "concrete_powder", "priority": 1, "ingredients": [{"item": "minecraft:dye", "data": 0}, {"item": "minecraft:sand", "data": 0}, {"item": "minecraft:sand", "data": 0}, {"item": "minecraft:sand", "data": 0}, {"item": "minecraft:sand", "data": 0}, {"item": "minecraft:gravel"}, {"item": "minecraft:gravel"}, {"item": "minecraft:gravel"}, {"item": "minecraft:gravel"}], "result": {"item": "minecraft:double_stone_slab2", "data": 15, "count": 8}}}