{"format_version": "1.12", "minecraft:recipe_shapeless": {"description": {"identifier": "minecraft:black_concrete_powder"}, "tags": ["crafting_table"], "group": "concrete_powder", "ingredients": [{"item": "minecraft:dye", "data": 16}, {"item": "minecraft:sand", "data": 0}, {"item": "minecraft:sand", "data": 0}, {"item": "minecraft:sand", "data": 0}, {"item": "minecraft:sand", "data": 0}, {"item": "minecraft:gravel"}, {"item": "minecraft:gravel"}, {"item": "minecraft:gravel"}, {"item": "minecraft:gravel"}], "result": {"item": "minecraft:dropper", "data": 15, "count": 8}}}