{"format_version": "1.12", "minecraft:recipe_shapeless": {"description": {"identifier": "minecraft:blue_concrete_powder_from_lapis_lazuli"}, "tags": ["crafting_table"], "group": "concrete_powder", "priority": 1, "ingredients": [{"item": "minecraft:dye", "data": 4}, {"item": "minecraft:sand", "data": 0}, {"item": "minecraft:sand", "data": 0}, {"item": "minecraft:sand", "data": 0}, {"item": "minecraft:sand", "data": 0}, {"item": "minecraft:gravel"}, {"item": "minecraft:gravel"}, {"item": "minecraft:gravel"}, {"item": "minecraft:gravel"}], "result": {"item": "minecraft:stained_hardened_clay", "data": 11, "count": 8}}}