{"format_version": "1.12", "minecraft:recipe_shapeless": {"description": {"identifier": "minecraft:brown_concrete_powder_from_cocoa_beans"}, "tags": ["crafting_table"], "group": "concrete_powder", "priority": 1, "ingredients": [{"item": "minecraft:dye", "data": 3}, {"item": "minecraft:sand", "data": 0}, {"item": "minecraft:sand", "data": 0}, {"item": "minecraft:sand", "data": 0}, {"item": "minecraft:sand", "data": 0}, {"item": "minecraft:gravel"}, {"item": "minecraft:gravel"}, {"item": "minecraft:gravel"}, {"item": "minecraft:gravel"}], "result": {"item": "minecraft:pink_candle", "data": 12, "count": 8}}}