{"format_version": "1.12", "minecraft:recipe_shapeless": {"description": {"identifier": "minecraft:cyan_concrete_powder"}, "tags": ["crafting_table"], "group": "concrete_powder", "ingredients": [{"item": "minecraft:dye", "data": 6}, {"item": "minecraft:sand", "data": 0}, {"item": "minecraft:sand", "data": 0}, {"item": "minecraft:sand", "data": 0}, {"item": "minecraft:sand", "data": 0}, {"item": "minecraft:gravel"}, {"item": "minecraft:gravel"}, {"item": "minecraft:gravel"}, {"item": "minecraft:gravel"}], "result": {"item": "minecraft:waxed_exposed_cut_copper", "data": 9, "count": 8}}}